ccd_id	ccd_class	rule	name	formula	mw	heavy_atoms	ccd_type	smiles	is_furniture
0G6	peptide_like	ccd_type:PEPTIDE-LIKE	D-phenylalanyl-N-[(2S,3S)-6-{[amino(iminio)methyl]amino}-1-chloro-2-hydroxyhexan-3-yl]-L-prolinamide	C21 H34 Cl N6 O3	453.986	31	peptide-like	c1ccc(cc1)C[C@H](C(=O)N2CCC[C@H]2C(=O)N[C@@H](CCCNC(=[NH2+])N)[C@@H](CCl)O)N	0
9DG	glue_candidate	size_and_no_furniture_signal:11_heavy	9-DEAZAGUANINE	C6 H6 N4 O	150.138	11	non-polymer	c1c[nH]c2c1N=C(NC2=O)N	0
A1AT0	glue_candidate	size_and_no_furniture_signal:19_heavy	anisindione	C16 H12 O3	252.265	19	non-polymer	COc1ccc(cc1)C2C(=O)c3ccccc3C2=O	0
A1C4R	glue_candidate	size_and_no_furniture_signal:15_heavy	N-(2,6-dimethylphenyl)-5,6-dihydro-4H-1,3-thiazin-2-amine	C12 H16 N2 S	220.334	15	non-polymer	Cc1cccc(c1NC2=NCCCS2)C	0
A1C9W	glue_candidate	size_and_no_furniture_signal:38_heavy	N-[(3S)-2,6-dioxopiperidin-3-yl]-2-fluoro-3-[(2-{4-[1-(trifluoromethyl)cyclopropyl]phenyl}propan-2-yl)carbamamido]benzamide	C26 H26 F4 N4 O4	534.503	38	non-polymer	CC(C)(c1ccc(cc1)C2(CC2)C(F)(F)F)NC(=O)Nc3cccc(c3F)C(=O)N[C@H]4CCC(=O)NC4=O	0
A1D6B	glue_candidate	size_and_no_furniture_signal:35_heavy	3,3,6,6-tetramethyl-9-[4-[(2-methylphenyl)methoxy]phenyl]-4,5,7,9-tetrahydro-2~{H}-xanthene-1,8-dione	C31 H34 O4	470.599	35	non-polymer	Cc1ccccc1COc2ccc(cc2)C3C4=C(CC(CC4=O)(C)C)OC5=C3C(=O)CC(C5)(C)C	0
A1DAD	glue_candidate	size_and_no_furniture_signal:22_heavy	3-chloro-5-{[(1S)-1-methoxy-1-methyl-3-oxo-1,3-dihydro-2-benzofuran-4-yl]oxy}-4H-1,2,6-thiadiazin-4-one	C13 H9 Cl N2 O5 S	340.739	22	non-polymer	C[C@]1(c2cccc(c2C(=O)O1)OC3=NSN=C(C3=O)Cl)OC	0
A1DAE	glue_candidate	size_and_no_furniture_signal:22_heavy	3-chloro-5-{[(1R)-1-methoxy-1-methyl-3-oxo-1,3-dihydro-2-benzofuran-4-yl]oxy}-4H-1,2,6-thiadiazin-4-one	C13 H9 Cl N2 O5 S	340.739	22	non-polymer	C[C@@]1(c2cccc(c2C(=O)O1)OC3=NSN=C(C3=O)Cl)OC	0
A1DAF	glue_candidate	size_and_no_furniture_signal:21_heavy	2-chloro-1-{(2R,6S)-4-[2-(4-chlorophenyl)ethyl]-2,6-dimethylpiperazin-1-yl}ethan-1-one	C16 H22 Cl2 N2 O	329.265	21	non-polymer	C[C@@H]1CN(C[C@@H](N1C(=O)CCl)C)CCc2ccc(cc2)Cl	0
A1DAG	glue_candidate	size_and_no_furniture_signal:28_heavy	(2S)-2-(1-acetylpiperidin-4-yl)-2-(4-chlorophenyl)-N-{2-[(Z)-iminomethyl]pyrimidin-5-yl}acetamide	C20 H22 Cl N5 O2	399.874	28	non-polymer	[H]/N=C\c1ncc(cn1)NC(=O)[C@H](c2ccc(cc2)Cl)C3CCN(CC3)C(=O)C	0
A1DAH	glue_candidate	size_and_no_furniture_signal:33_heavy	(2S)-2-(4-chlorophenyl)-N-{2-[(Z)-iminomethyl]pyrimidin-5-yl}-2-[1-(1-methyl-1H-pyrazole-4-carbonyl)piperidin-4-yl]acetamide	C23 H24 Cl N7 O2	465.935	33	non-polymer	[H]/N=C\c1ncc(cn1)NC(=O)[C@H](c2ccc(cc2)Cl)C3CCN(CC3)C(=O)c4cnn(c4)C	0
A1DAI	glue_candidate	size_and_no_furniture_signal:24_heavy	(2S)-2-(4-chlorophenyl)-2-cyclopentyl-N-{2-[(E)-iminomethyl]pyrimidin-5-yl}acetamide	C18 H19 Cl N4 O	342.823	24	non-polymer	c1cc(ccc1[C@H](C2CCCC2)C(=O)Nc3cnc(nc3)C=N)Cl	0
A1DAJ	glue_candidate	size_and_no_furniture_signal:31_heavy	(2S)-2-(1-acetylpiperidin-4-yl)-1-[(3R,5S)-4-(chloroacetyl)-3,5-dimethylpiperazin-1-yl]-2-(4-chlorophenyl)ethan-1-one	C23 H31 Cl2 N3 O3	468.417	31	non-polymer	C[C@@H]1CN(C[C@@H](N1C(=O)CCl)C)C(=O)[C@H](c2ccc(cc2)Cl)C3CCN(CC3)C(=O)C	0
A1DE3	glue_candidate	size_and_no_furniture_signal:26_heavy	N,N-dimethyl-2-(4-{[4-methyl-2-(propan-2-yl)pyridin-3-yl]amino}-1H-pyrrolo[3,2-c]pyridin-1-yl)acetamide	C20 H25 N5 O	351.445	26	non-polymer	Cc1ccnc(c1Nc2c3ccn(c3ccn2)CC(=O)N(C)C)C(C)C	0
A1DEQ	glue_candidate	size_and_no_furniture_signal:28_heavy	(1R,3S)-3-{3-[(1-methyl-6-oxo-1,6-dihydropyrimidin-2-yl)amino]-1H-pyrazol-5-yl}cyclopentyl bicyclo[1.1.1]pentan-1-ylcarbamate	C19 H24 N6 O3	384.432	28	non-polymer	CN1C(=O)C=CN=C1Nc2cc([nH]n2)[C@H]3CC[C@H](C3)OC(=O)NC45CC(C4)C5	0
ACT	buffer	seed_set:buffer	ACETATE ION	C2 H3 O2	59.044	4	non-polymer	CC(=O)[O-]	1
ADP	cofactor	seed_set:cofactor	ADENOSINE-5'-DIPHOSPHATE	C10 H15 N5 O10 P2	427.201	27	non-polymer	c1nc(c2c(n1)n(cn2)[C@H]3[C@@H]([C@@H]([C@H](O3)CO[P@](=O)(O)OP(=O)(O)O)O)O)N	0
AGS	cofactor	seed_set:cofactor	PHOSPHOTHIOPHOSPHORIC ACID-ADENYLATE ESTER	C10 H16 N5 O12 P3 S	523.247	31	non-polymer	c1nc(c2c(n1)n(cn2)[C@H]3[C@@H]([C@@H]([C@H](O3)COP(=O)(O)OP(=O)(O)OP(=S)(O)O)O)O)N	0
ANP	cofactor	seed_set:cofactor	PHOSPHOAMINOPHOSPHONIC ACID-ADENYLATE ESTER	C10 H17 N6 O12 P3	506.196	31	non-polymer	c1nc(c2c(n1)n(cn2)[C@H]3[C@@H]([C@@H]([C@H](O3)CO[P@](=O)(O)O[P@@](=O)(NP(=O)(O)O)O)O)O)N	0
BBA	glue_candidate	size_and_no_furniture_signal:28_heavy	2,7-BIS-(4-AMIDINOBENZYLIDENE)-CYCLOHEPTAN-1-ONE	C23 H28 N4 O	376.495	28	non-polymer	c1cc(ccc1C[C@@H]2CCCC[C@H](C2=O)Cc3ccc(cc3)C(=N)N)C(=N)N	0
BMA	sugar	seed_set:sugar				11			1
CA	metal	monatomic_ion:CA	CALCIUM ION	Ca	40.078	1	non-polymer	[Ca+2]	1
CD	metal	monatomic_ion:CD	CADMIUM ION	Cd	112.411	1	non-polymer	[Cd+2]	1
CFC	glue_candidate	size_and_no_furniture_signal:19_heavy	1-CARBOXY-1'-[(DIMETHYLAMINO)-CARBONYL]FERROCENE	C14 H15 Fe N O3	301.119	19	non-polymer	CN(C)C(=O)C12=[CH]3[Fe]1456789([C@H]2[CH]4=[CH]53)[C@@H]1[CH]6=[CH]7[CH]8=C91C(=O)O	0
CL	metal	monatomic_ion:CL	CHLORIDE ION	Cl	35.453	1	non-polymer	[Cl-]	1
CLF	glue_candidate	size_and_no_furniture_signal:15_heavy	FE(8)-S(7) CLUSTER	Fe8 S7	671.215	15	non-polymer	[S]12[Fe]3[S]4[Fe]1S567([Fe]2[S]3[Fe]45)[Fe]8[S]9[Fe]6[S]1[Fe]9[S]8[Fe]71	0
CLR	lipid	seed_set:lipid	CHOLESTEROL	C27 H46 O	386.654	28	non-polymer	C[C@H](CCCC(C)C)[C@H]1CC[C@@H]2[C@@]1(CC[C@H]3[C@H]2CC=C4[C@@]3(CC[C@@H](C4)O)C)C	0
CPT	unknown	no_rule_matched	Cisplatin	Cl2 H6 N2 Pt	300.045	5	non-polymer	[NH3][Pt]([NH3])(Cl)Cl	0
CYN	unknown	no_rule_matched	CYANIDE ION	C N	26.017	2	non-polymer	[C-]#N	0
DMS	cryoprotectant	seed_set:cryoprotectant	DIMETHYL SULFOXIDE	C2 H6 O S	78.133	4	non-polymer	CS(=O)C	1
DUO	glue_candidate	size_and_no_furniture_signal:37_heavy	4-HYDROXY-2,8-DIMETHYL-1-OXO-6-(4,5,6-TRIMETHOXY-1H-INDOLE-2-CARBONYL)-1,2,3,6,7,8-HEXAHYDRO-3,6-DIAZA-AS-INDACENE-2-CARBOXYLIC ACID METHYL ESTER	C26 H27 N3 O8	509.508	37	non-polymer	C[C@@H]1CN(c2c1c3c(c(c2)O)N[C@@](C3=O)(C)C(=O)OC)C(=O)c4cc5cc(c(c(c5[nH]4)OC)OC)OC	0
EDO	cryoprotectant	seed_set:cryoprotectant	1,2-ETHANEDIOL	C2 H6 O2	62.068	4	non-polymer	C(CO)O	1
FE	metal	monatomic_ion:FE	FE (III) ION	Fe	55.845	1	non-polymer	[Fe+3]	1
FLC	buffer	seed_set:buffer	CITRATE ANION	C6 H5 O7	189.100	13	non-polymer	C(C(=O)[O-])C(CC(=O)[O-])(C(=O)[O-])O	1
FMT	buffer	seed_set:buffer	FORMIC ACID	C H2 O2	46.025	3	non-polymer	C(=O)O	1
FRA	buffer	name_rule:buffer	[4-(4-ACETYLAMINO-PHENYL)-3,5-DIOXO-4-AZA-TRICYCLO[5.2.2.0 2,6]UNDEC-1-YLCARBAMOYLOXY]-ACETIC ACID	C21 H23 N3 O7	429.423	31	non-polymer	CC(=O)Nc1ccc(cc1)N2C(=O)[C@@H]3C4CCC([C@@H]3C2=O)(CC4)NC(=O)OCC(=O)O	1
FUC	sugar	seed_set:sugar				10			1
FWF	glue_candidate	size_and_no_furniture_signal:32_heavy	N,N'-[biphenyl-4,4'-diyldi(2R)propane-2,1-diyl]dipropane-2-sulfonamide	C24 H36 N2 O4 S2	480.684	32	non-polymer	C[C@@H](CNS(=O)(=O)C(C)C)c1ccc(cc1)c2ccc(cc2)[C@@H](C)CNS(=O)(=O)C(C)C	0
GLU	peptide_like	ccd_type:L-PEPTIDE LINKING	GLUTAMIC ACID	C5 H9 N O4	147.129	10	L-peptide linking	C(CC(=O)O)[C@@H](C(=O)O)N	0
GOL	cryoprotectant	seed_set:cryoprotectant	GLYCEROL	C3 H8 O3	92.094	6	non-polymer	C(C(CO)O)O	1
GTP	cofactor	seed_set:cofactor	GUANOSINE-5'-TRIPHOSPHATE	C10 H16 N5 O14 P3	523.180	32	non-polymer	c1nc2c(n1[C@H]3[C@@H]([C@@H]([C@H](O3)CO[P@](=O)(O)O[P@](=O)(O)OP(=O)(O)O)O)O)N=C(NC2=O)N	0
HCA	cofactor	seed_set:cofactor	3-HYDROXY-3-CARBOXY-ADIPIC ACID	C7 H10 O7	206.150	14	non-polymer	C(C[C@@](CC(=O)O)(C(=O)O)O)C(=O)O	0
HEM	cofactor	seed_set:cofactor	PROTOPORPHYRIN IX CONTAINING FE	C34 H32 Fe N4 O4	616.487	43	non-polymer	Cc1c2n3c(c1CCC(=O)O)C=C4C(=C(C5=[N]4[Fe]36[N]7=C(C=C8N6C(=C5)C(=C8C)C=C)C(=C(C7=C2)C)C=C)C)CCC(=O)O	0
HEP	glue_candidate	size_and_no_furniture_signal:23_heavy	PHENYL[1-(N-SUCCINYLAMINO)PENTYL]PHOSPHONATE	C15 H22 N O6 P	343.312	23	non-polymer	CCCC[C@H](NC(=O)CCC(=O)O)[P@@](=O)(O)Oc1ccccc1	0
HIS	buffer	seed_set:buffer	HISTIDINE	C6 H10 N3 O2	156.162	11	L-peptide linking	c1c([nH+]c[nH]1)C[C@@H](C(=O)O)N	1
HQU	glue_candidate	size_and_no_furniture_signal:14_heavy	3-HYDROXYQUINALDIC ACID	C10 H7 N O3	189.167	14	non-polymer	c1ccc2c(c1)cc(c(n2)C(=O)O)O	0
ICS	cofactor	seed_set:cofactor	iron-sulfur-molybdenum cluster with interstitial carbon	C Fe7 Mo S9	787.451	18	non-polymer	C12345[Fe]67S[Fe]18[S]9[Fe]21S[Fe]32[S]6[Fe]3[S]7[Fe]4([S]23)S[Fe]52[S]8[Mo]9[S]12	0
IPA	cryoprotectant	seed_set:cryoprotectant	ISOPROPYL ALCOHOL	C3 H8 O	60.095	4	non-polymer	CC(C)O	1
K	metal	monatomic_ion:K	POTASSIUM ION	K	39.098	1	non-polymer	[K+]	1
KOU	glue_candidate	size_and_no_furniture_signal:22_heavy	(E)-N-({3-hydroxy-2-methyl-5-[(phosphonooxy)methyl]pyridin-4-yl}methylidene)-L-serine	C11 H15 N2 O8 P	334.219	22	non-polymer	Cc1c(c(c(cn1)COP(=O)(O)O)/C=N/C(CO)C(=O)O)O	0
LEU	peptide_like	ccd_type:L-PEPTIDE LINKING	LEUCINE	C6 H13 N O2	131.173	9	L-peptide linking	CC(C)C[C@@H](C(=O)O)N	0
LMN	detergent	structure:glycoside_head_plus_c21_tail	Lauryl Maltose Neopentyl Glycol	C47 H88 O22	1005.188	69	non-polymer	CCCCCCCCCCC(CCCCCCCCCC)(CO[C@@H]1[C@@H]([C@@H]([C@H]([C@@H](O1)CO)O[C@H]2[C@H]([C@@H]([C@H]([C@@H](O2)CO)O)O)O)O)O)CO[C@@H]3[C@H]([C@@H]([C@H]([C@@H](O3)CO)O[C@H]4[C@H]([C@@H]([C@H]([C@@H](O4)CO)O)O)O)O)O	1
MAN	cryoprotectant	seed_set:cryoprotectant				11			1
MET	peptide_like	ccd_type:L-PEPTIDE LINKING	METHIONINE	C5 H11 N O2 S	149.211	9	L-peptide linking	CSCC[C@@H](C(=O)O)N	0
MG	metal	monatomic_ion:MG	MAGNESIUM ION	Mg	24.305	1	non-polymer	[Mg+2]	1
MN	metal	monatomic_ion:MN	MANGANESE (II) ION	Mn	54.938	1	non-polymer	[Mn+2]	1
MOC	glue_candidate	size_and_no_furniture_signal:22_heavy	CARBAMIC ACID 2,6-DIAMINO-5-METHYL-4,7-DIOXO-2,3,4,7-TETRAHYDRO-1H-3A-AZA-CYCLOPENTA[A]INDEN-8-YLMETHYL ESTER	C14 H16 N4 O4	304.301	22	non-polymer	CC1=C(C(=O)c2c(c3n(c2C1=O)C[C@@H](C3)N)COC(=O)N)N	0
NA	metal	monatomic_ion:NA	SODIUM ION	Na	22.990	1	non-polymer	[Na+]	1
NAG	sugar	seed_set:sugar	2-acetamido-2-deoxy-beta-D-glucopyranose	C8 H15 N O6	221.208	15	D-saccharide, beta linking	CC(=O)N[C@@H]1[C@H]([C@@H]([C@H](O[C@H]1O)CO)O)O	1
NET	unknown	no_rule_matched	TETRAETHYLAMMONIUM ION	C8 H20 N	130.251	9	non-polymer	CC[N+](CC)(CC)CC	0
NI	metal	monatomic_ion:NI	NICKEL (II) ION	Ni	58.693	1	non-polymer	[Ni+2]	1
NIP	glue_candidate	size_and_no_furniture_signal:23_heavy	4-HYDROXY-5-IODO-3-NITROPHENYLACETYL-EPSILON-AMINOCAPROIC ACID ANION	C14 H16 I N2 O6	435.191	23	non-polymer	c1c(cc(c(c1[N+](=O)[O-])O)I)CC(=O)NCCCCCC(=O)[O-]	0
NPC	glue_candidate	size_and_no_furniture_signal:22_heavy	4-HYDROXY-3-NITROPHENYLACETYL-EPSILON-AMINOCAPROIC ACID ANION	C14 H17 N2 O6	309.295	22	non-polymer	c1cc(c(cc1CC(=O)NCCCCCC(=O)[O-])[N+](=O)[O-])O	0
ORN	peptide_like	ccd_type:L-PEPTIDE LINKING	L-ornithine	C5 H12 N2 O2	132.161	9	L-peptide linking	C(C[C@@H](C(=O)O)N)CN	0
PCG	cofactor	structure:nucleobase_or_nucleotide	CYCLIC GUANOSINE MONOPHOSPHATE	C10 H12 N5 O7 P	345.205	23	non-polymer	c1nc2c(n1[C@H]3[C@@H]([C@H]4C(O3)CO[P@](=O)(O4)O)O)N=C(NC2=O)N	0
PO4	buffer	seed_set:buffer	PHOSPHATE ION	O4 P	94.971	5	non-polymer	[O-]P(=O)([O-])[O-]	1
POV	lipid	seed_set:lipid	(2S)-3-(hexadecanoyloxy)-2-[(9Z)-octadec-9-enoyloxy]propyl 2-(trimethylammonio)ethyl phosphate	C42 H82 N O8 P	760.076	52	non-polymer	CCCCCCCCCCCCCCCC(=O)OC[C@@H](CO[P@](=O)([O-])OCC[N+](C)(C)C)OC(=O)CCCCCCC/C=C\CCCCCCCC	0
QUI	glue_candidate	size_and_no_furniture_signal:13_heavy	2-CARBOXYQUINOXALINE	C9 H6 N2 O2	174.156	13	non-polymer	c1ccc2c(c1)ncc(n2)C(=O)O	0
R16	lipid	structure:aliphatic_c16	HEXADECANE	C16 H34	226.441	16	non-polymer	CCCCCCCCCCCCCCCC	0
RIP	sugar	seed_set:sugar				9			1
SO4	buffer	seed_set:buffer	SULFATE ION	O4 S	96.063	5	non-polymer	[O-]S(=O)(=O)[O-]	1
THG	cofactor	seed_set:cofactor	(6S)-5,6,7,8-TETRAHYDROFOLATE	C19 H23 N7 O6	445.429	32	non-polymer	c1cc(ccc1C(=O)N[C@@H](CCC(=O)O)C(=O)O)NC[C@H]2CNC3=C(N2)C(=O)NC(=N3)N	0
U5P	cofactor	structure:nucleobase_or_nucleotide	URIDINE-5'-MONOPHOSPHATE	C9 H13 N2 O9 P	324.181	21	non-polymer	C1=CN(C(=O)NC1=O)[C@H]2[C@@H]([C@@H]([C@H](O2)COP(=O)(O)O)O)O	0
UDP	cofactor	seed_set:cofactor	URIDINE-5'-DIPHOSPHATE	C9 H14 N2 O12 P2	404.161	25	RNA linking	C1=CN(C(=O)NC1=O)[C@H]2[C@@H]([C@@H]([C@H](O2)CO[P@@](=O)(O)OP(=O)(O)O)O)O	0
VIA	glue_candidate	size_and_no_furniture_signal:33_heavy	5-{2-ETHOXY-5-[(4-METHYLPIPERAZIN-1-YL)SULFONYL]PHENYL}-1-METHYL-3-PROPYL-1H,6H,7H-PYRAZOLO[4,3-D]PYRIMIDIN-7-ONE	C22 H30 N6 O4 S	474.576	33	non-polymer	CCCc1c2c(n(n1)C)C(=O)NC(=N2)c3cc(ccc3OCC)S(=O)(=O)N4CCN(CC4)C	0
ZN	metal	monatomic_ion:ZN	ZINC ION	Zn	65.409	1	non-polymer	[Zn+2]	1
